dataset,method,status,n_windows,n_clusters,noise_pct,silhouette,cluster_mean,cluster_min,cluster_max,t_dist_s,t_algo_s,t_s,ri_vs_ap_full,ari_vs_ap_full
short_comparison_test,hdbscan,ok,1195,2,2.34,0.3024,583.5,5,1162,,,,0.1301,0.0012
short_comparison_test,ap_full,ok,1195,9,0.0,0.152,132.8,77,198,,,,,
short_comparison_test,ap_sampled,ok,1195,9,0.0,0.152,132.8,77,198,,,0.26,1.0,1.0
short_comparison_test,ap_coreset,ok,1195,9,0.0,0.152,132.8,77,198,,,0.21,1.0,1.0
short_comparison_test,ap_sparse,ok,1195,19,0.0,0.1328,62.9,18,131,,,,0.8952,0.3949
short_comparison_test,ap_hierarchical,ok,1195,11,0.0,0.1599,108.6,47,231,,,,0.9054,0.5484
short_comparison_test,ap_kmeans,ok,1195,9,0.0,0.152,132.8,77,198,,,,1.0,1.0
short_comparison_test,ap_stratified,ok,1195,9,0.0,0.152,132.8,77,198,,,,1.0,1.0
comparison_test,hdbscan,ok,13799,7,7.2,0.2569,1829.4,15,12445,,,,0.0953,0.0042
comparison_test,ap_full,ok,13799,33,0.0,0.1479,418.2,74,970,,,,,
comparison_test,ap_sampled,ok,13799,30,0.0,0.1357,460.0,69,1032,0.61,29.56,30.25,0.9552,0.4249
comparison_test,ap_coreset,ok,13799,30,0.0,0.1291,460.0,77,892,0.53,21.88,24.63,0.9546,0.4033
comparison_test,ap_sparse,ok,13799,75,0.0,0.1168,184.0,35,503,,,,0.9638,0.3505
comparison_test,ap_hierarchical,ok,13799,33,0.0,0.1487,418.2,44,1650,,,,0.9431,0.3472
comparison_test,ap_kmeans,ok,13799,21,0.0,0.1334,657.1,157,1266,,,,0.9452,0.3935
comparison_test,ap_stratified,ok,13799,27,0.0,0.1413,511.1,72,1308,,,,0.9467,0.3778
control_mouse_1_jul,hdbscan,ok,23902,3,0.83,0.4084,7901.0,20,23659,,,,,
control_mouse_1_jul,ap_full,skipped,23902,,,,,,,,,,,
control_mouse_1_jul,ap_sampled,ok,23902,30,0.0,0.1394,796.7,60,1503,0.42,17.88,18.34,,
control_mouse_1_jul,ap_coreset,ok,23902,34,0.0,0.1348,703.0,57,1624,0.42,22.12,26.32,,
control_mouse_1_jul,ap_sparse,ok,23902,134,0.0,0.0849,178.4,11,610,,,,,
control_mouse_1_jul,ap_hierarchical,ok,23902,48,0.0,0.1275,498.0,12,1561,,,,,
control_mouse_1_jul,ap_kmeans,ok,23902,21,0.0,0.1577,1138.2,71,2328,,,,,
control_mouse_1_jul,ap_stratified,ok,23902,25,0.0,0.154,956.1,48,1907,,,,,
control_mouse_1_oct,hdbscan,ok,23906,17,21.42,0.1207,1105.0,15,17934,,,,,
control_mouse_1_oct,ap_full,skipped,23906,,,,,,,,,,,
control_mouse_1_oct,ap_sampled,ok,23906,29,0.0,0.1375,824.3,167,1727,0.42,19.33,19.8,,
control_mouse_1_oct,ap_coreset,ok,23906,32,0.0,0.1553,747.1,166,2871,0.43,20.46,24.66,,
control_mouse_1_oct,ap_sparse,ok,23906,142,0.0,0.0594,168.4,11,586,,,,,
control_mouse_1_oct,ap_hierarchical,ok,23906,46,0.0,0.1291,519.7,79,1851,,,,,
control_mouse_1_oct,ap_kmeans,ok,23906,24,0.0,0.143,996.1,168,2014,,,,,
control_mouse_1_oct,ap_stratified,ok,23906,26,0.0,0.1522,919.5,149,2933,,,,,
mp_mouse_1_jul,hdbscan,ok,19714,82,59.39,0.0713,97.6,16,4439,,,,0.6903,0.0735
mp_mouse_1_jul,ap_full,ok,19714,41,0.0,0.1934,480.8,152,1177,,,,,
mp_mouse_1_jul,ap_sampled,ok,19714,28,0.0,0.179,704.1,255,1515,0.43,32.62,33.08,0.962,0.4748
mp_mouse_1_jul,ap_coreset,ok,19714,32,0.0,0.2246,616.1,154,2047,0.44,25.65,29.2,0.9537,0.4234
mp_mouse_1_jul,ap_sparse,ok,19714,108,0.0,0.1532,182.5,10,785,,,,0.9735,0.389
mp_mouse_1_jul,ap_hierarchical,ok,19714,38,0.0,0.1974,518.8,53,2212,,,,0.9591,0.4372
mp_mouse_1_jul,ap_kmeans,ok,19714,21,0.0,0.2286,938.8,296,2610,,,,0.941,0.3655
mp_mouse_1_jul,ap_stratified,ok,19714,23,0.0,0.2142,857.1,154,2587,,,,0.9342,0.3262
mp_mouse_1_oct,hdbscan,ok,23866,207,63.18,0.3594,42.4,15,476,,,,,
mp_mouse_1_oct,ap_full,skipped,23866,,,,,,,,,,,
mp_mouse_1_oct,ap_sampled,ok,23866,30,0.0,0.2174,795.5,296,2473,0.42,33.6,34.07,,
mp_mouse_1_oct,ap_coreset,ok,23866,34,0.0,0.2071,701.9,136,2469,0.43,21.3,25.48,,
mp_mouse_1_oct,ap_sparse,ok,23866,145,0.0,0.1348,164.6,1,590,,,,,
mp_mouse_1_oct,ap_hierarchical,ok,23866,33,0.0,0.2086,723.2,41,2060,,,,,
mp_mouse_1_oct,ap_kmeans,ok,23866,23,0.0,0.2195,1037.7,415,2624,,,,,
mp_mouse_1_oct,ap_stratified,ok,23866,29,0.0,0.2358,823.0,232,3120,,,,,
moving_test,hdbscan,ok,47028,473,54.38,0.5797,45.4,15,1226,,,,,
moving_test,ap_full,skipped,47028,,,,,,,,,,,
moving_test,ap_sampled,ok,47028,30,0.0,0.2786,1567.6,397,5051,0.44,50.87,51.38,,
moving_test,ap_coreset,ok,47028,42,0.0,0.3133,1119.7,161,18275,0.53,27.12,35.07,,
moving_test,ap_sparse,ok,47028,222,0.0,0.2025,211.8,3,970,,,,,
moving_test,ap_hierarchical,ok,47028,32,0.0,0.2348,1469.6,384,7371,,,,,
moving_test,ap_kmeans,ok,47028,25,0.0,0.2354,1881.1,430,7696,,,,,
moving_test,ap_stratified,ok,47028,32,0.0,0.2412,1469.6,145,9549,,,,,
still_test,hdbscan,ok,23877,221,65.86,0.317,36.9,15,251,,,,,
still_test,ap_full,skipped,23877,,,,,,,,,,,
still_test,ap_sampled,ok,23877,29,0.0,0.1918,823.3,205,1546,0.43,23.93,24.42,,
still_test,ap_coreset,ok,23877,30,0.0,0.186,795.9,80,3495,0.55,26.04,30.48,,
still_test,ap_sparse,ok,23877,118,0.0,0.1789,202.3,18,638,,,,,
still_test,ap_hierarchical,ok,23877,36,0.0,0.1683,663.2,53,1747,,,,,
still_test,ap_kmeans,ok,23877,21,0.0,0.194,1137.0,250,2183,,,,,
still_test,ap_stratified,ok,23877,25,0.0,0.1899,955.1,85,2135,,,,,
